hand,rank1,rank2,suited,scenario,gto_action,agent_action,agent_raw,correct,fold_prob,call_prob,raise_prob
AA,14,14,0,SB_RFI,raise,raise,4,True,1.6165573413218226e-07,9.68524727085196e-09,0.9999998530838639
AA,14,14,0,BB_vs_RFI,raise,raise,4,True,7.822168299753685e-07,3.683748843741341e-07,0.9999988228082657
AA,14,14,0,SB_vs_3bet,raise,raise,4,True,2.9653261890416616e-07,1.3745484750415926e-07,0.9999995529651642
AKs,14,13,1,SB_RFI,raise,raise,4,True,6.865861450933153e-06,2.3090474314813036e-06,0.9999907733872533
AKs,14,13,1,BB_vs_RFI,raise,raise,4,True,4.120538869756274e-05,3.2532047043787315e-05,0.9999261945486069
AKs,14,13,1,SB_vs_3bet,raise,raise,4,True,1.5772106962685939e-06,9.236641176357807e-07,0.9999974966049194
AKo,14,13,0,SB_RFI,raise,raise,4,True,0.00032099251984618604,0.0005832223687320948,0.9990958459675312
AKo,14,13,0,BB_vs_RFI,raise,raise,4,True,1.3874020623916294e-05,1.2982673069927841e-05,0.9999731220304966
AKo,14,13,0,SB_vs_3bet,raise,raise,4,True,4.845274816034362e-06,7.322213150473544e-06,0.9999878108501434
AQs,14,12,1,SB_RFI,raise,raise,4,True,5.129499186296016e-05,4.686788088292815e-05,0.999901782721281
AQs,14,12,1,BB_vs_RFI,raise,raise,4,True,2.527510559957591e-06,2.182543767048628e-06,0.9999952241778374
AQs,14,12,1,SB_vs_3bet,call,raise,4,False,1.5303302234315197e-06,3.632176458268077e-06,0.9999948143959045
AQo,14,12,0,SB_RFI,raise,raise,4,True,0.000385353370802477,0.000650166068226099,0.9989645555615425
AQo,14,12,0,BB_vs_RFI,call,raise,4,False,0.0002489376347512007,0.00037544037331826985,0.9993756301701069
AQo,14,12,0,SB_vs_3bet,call,raise,4,False,0.00013669312465935946,0.0005091888597235084,0.9993540942668915
AJs,14,11,1,SB_RFI,raise,raise,4,True,0.0005818787030875683,0.0007210937328636646,0.9986971020698547
AJs,14,11,1,BB_vs_RFI,raise,raise,4,True,8.114278898574412e-05,6.876208499306813e-05,0.9998501315712929
AJs,14,11,1,SB_vs_3bet,call,raise,4,False,0.00010151132300961763,0.0002617166319396347,0.9996367990970612
AJo,14,11,0,SB_RFI,raise,raise,4,True,0.00042636567377485335,0.00029100009123794734,0.9992825463414192
AJo,14,11,0,BB_vs_RFI,call,raise,4,False,0.00015088182408362627,0.00022841279860585928,0.99962068349123
AJo,14,11,0,SB_vs_3bet,call,raise,5,False,5.2127510571153834e-05,0.00014473665214609355,0.9998030513525009
ATs,14,10,1,SB_RFI,raise,raise,4,True,0.00025605791597627103,0.0002285440277773887,0.9995154105126858
ATs,14,10,1,BB_vs_RFI,raise,raise,4,True,3.793523501371965e-05,2.3277551008504815e-05,0.9999387636780739
ATs,14,10,1,SB_vs_3bet,call,raise,4,False,4.085028194822371e-05,7.310573710128665e-05,0.9998860955238342
ATo,14,10,0,SB_RFI,raise,raise,4,True,0.0011119040427729487,0.0031390266958624125,0.9957490116357803
ATo,14,10,0,BB_vs_RFI,call,raise,4,False,0.00022205483401194215,0.00032294218544848263,0.999454952776432
ATo,14,10,0,SB_vs_3bet,call,raise,4,False,5.5828237236710265e-05,0.00017788837430998683,0.9997662156820297
A9s,14,9,1,SB_RFI,raise,raise,4,True,0.008237185887992382,0.0065535069443285465,0.9852093085646629
A9s,14,9,1,BB_vs_RFI,call,raise,4,False,0.006679910235106945,0.009146429598331451,0.9841736778616905
A9s,14,9,1,SB_vs_3bet,call,raise,4,False,0.01206440944224596,0.027858098968863487,0.9600774794816971
A9o,14,9,0,SB_RFI,raise,raise,4,True,0.0015109401429072022,0.0012155788717791438,0.9972733855247498
A9o,14,9,0,BB_vs_RFI,call,raise,4,False,0.00037718756357207894,0.0005958303809165955,0.9990269988775253
A9o,14,9,0,SB_vs_3bet,call,raise,4,False,0.0014612808590754867,0.00535558583214879,0.9931831806898117
A8s,14,8,1,SB_RFI,raise,raise,4,True,0.0016222562408074737,0.0012451722286641598,0.997132558375597
A8s,14,8,1,BB_vs_RFI,call,raise,4,False,0.0005920216208323836,0.0008390792645514011,0.9985688664019108
A8s,14,8,1,SB_vs_3bet,call,raise,4,False,0.0004383110790513456,0.00034043582854792476,0.9992212019860744
A8o,14,8,0,SB_RFI,raise,raise,4,True,0.0031286156736314297,0.00475293816998601,0.9921185225248337
A8o,14,8,0,BB_vs_RFI,call,raise,4,False,0.0022056109737604856,0.007142119109630585,0.9906522184610367
A8o,14,8,0,SB_vs_3bet,fold,raise,4,False,0.0023183554876595736,0.016025852411985397,0.9816557914018631
A7s,14,7,1,SB_RFI,raise,raise,4,True,0.0040564583614468575,0.003237708704546094,0.9927058555185795
A7s,14,7,1,BB_vs_RFI,call,raise,3,False,0.008927706629037857,0.05088553950190544,0.9401867389678955
A7s,14,7,1,SB_vs_3bet,call,raise,4,False,0.0042698015458881855,0.023606039583683014,0.9721241742372513
A7o,14,7,0,SB_RFI,raise,raise,3,True,0.029539240524172783,0.021506942808628082,0.9489537458866835
A7o,14,7,0,BB_vs_RFI,call,raise,4,False,0.027527114376425743,0.038949958980083466,0.9335228726267815
A7o,14,7,0,SB_vs_3bet,fold,raise,3,False,0.041894517838954926,0.14740745723247528,0.8106980100274086
A6s,14,6,1,SB_RFI,raise,raise,3,True,0.07620667666196823,0.07703236490488052,0.8467608969658613
A6s,14,6,1,BB_vs_RFI,call,raise,3,False,0.06807897239923477,0.08947776257991791,0.8424432426691055
A6s,14,6,1,SB_vs_3bet,call,raise,3,False,0.024702999740839005,0.0938589796423912,0.8814379945397377
A6o,14,6,0,SB_RFI,raise,raise,4,True,0.02981535904109478,0.02382419817149639,0.9463603906333447
A6o,14,6,0,BB_vs_RFI,fold,raise,4,False,0.030908128246665,0.08093537390232086,0.8881565853953362
A6o,14,6,0,SB_vs_3bet,fold,raise,5,False,0.003795629134401679,0.058950748294591904,0.9372535645961761
A5s,14,5,1,SB_RFI,raise,raise,3,True,0.07938140630722046,0.06262603402137756,0.8579925838857889
A5s,14,5,1,BB_vs_RFI,raise,raise,2,True,0.1183037981390953,0.18204152584075928,0.6996546480804682
A5s,14,5,1,SB_vs_3bet,raise,raise,1,True,0.045170776546001434,0.2505243420600891,0.7043049037456512
A5o,14,5,0,SB_RFI,raise,raise,3,True,0.06670483946800232,0.053954508155584335,0.8793406747281551
A5o,14,5,0,BB_vs_RFI,fold,raise,4,False,0.03909606486558914,0.06057221442461014,0.9003317579627037
A5o,14,5,0,SB_vs_3bet,fold,raise,1,False,0.05919893831014633,0.24324935674667358,0.6975516304373741
A4s,14,4,1,SB_RFI,raise,raise,3,True,0.08000641316175461,0.06500507891178131,0.854988519102335
A4s,14,4,1,BB_vs_RFI,raise,raise,3,True,0.07994583994150162,0.13179440796375275,0.7882597297430038
A4s,14,4,1,SB_vs_3bet,raise,raise,1,True,0.035147685557603836,0.2187367081642151,0.746115580201149
A4o,14,4,0,SB_RFI,raise,raise,3,True,0.0474366620182991,0.03591833636164665,0.9166450798511505
A4o,14,4,0,BB_vs_RFI,fold,raise,3,False,0.02862597070634365,0.03231864050030708,0.9390554204583168
A4o,14,4,0,SB_vs_3bet,fold,raise,1,False,0.06517073512077332,0.3008308410644531,0.6339984275400639
A3s,14,3,1,SB_RFI,raise,raise,3,True,0.13484220206737518,0.09476303309202194,0.7703948002308607
A3s,14,3,1,BB_vs_RFI,raise,raise,3,True,0.0939321219921112,0.10592608153820038,0.8001417368650436
A3s,14,3,1,SB_vs_3bet,raise,call,1,False,0.14059549570083618,0.4362953007221222,0.423109183087945
A3o,14,3,0,SB_RFI,raise,raise,3,True,0.09056122601032257,0.0639207661151886,0.845517959445715
A3o,14,3,0,BB_vs_RFI,fold,raise,2,False,0.10676249861717224,0.11940872669219971,0.7738287970423698
A3o,14,3,0,SB_vs_3bet,fold,call,1,False,0.16828617453575134,0.5001693367958069,0.33154446352273226
A2s,14,2,1,SB_RFI,raise,raise,3,True,0.17618022859096527,0.1045171320438385,0.7193026365712285
A2s,14,2,1,BB_vs_RFI,raise,raise,2,True,0.1755283772945404,0.20041678845882416,0.6240547951310873
A2s,14,2,1,SB_vs_3bet,raise,call,1,False,0.13278649747371674,0.4749450087547302,0.3922685468569398
A2o,14,2,0,SB_RFI,raise,raise,3,True,0.08203649520874023,0.044907402247190475,0.8730561258271337
A2o,14,2,0,BB_vs_RFI,fold,raise,2,False,0.16772453486919403,0.15403887629508972,0.6782364808022976
A2o,14,2,0,SB_vs_3bet,fold,call,1,False,0.1536041498184204,0.44908851385116577,0.39730740897357464
KK,13,13,0,SB_RFI,raise,raise,4,True,3.162752545904368e-05,5.896615220990498e-06,0.9999625021591783
KK,13,13,0,BB_vs_RFI,raise,raise,4,True,0.000586348061915487,0.00040904368506744504,0.9990046247839928
KK,13,13,0,SB_vs_3bet,raise,raise,4,True,1.6173975382116623e-05,1.9983224774478003e-05,0.9999638646841049
KQs,13,12,1,SB_RFI,raise,raise,4,True,0.0016774312825873494,0.0006881377776153386,0.9976344257593155
KQs,13,12,1,BB_vs_RFI,raise,raise,4,True,0.0002762113290373236,0.00030297887860797346,0.9994208440184593
KQs,13,12,1,SB_vs_3bet,call,raise,5,False,7.570973684778437e-05,0.00025421997997909784,0.9996701031923294
KQo,13,12,0,SB_RFI,raise,raise,4,True,0.005774543620646,0.006534557323902845,0.9876908659934998
KQo,13,12,0,BB_vs_RFI,call,raise,4,False,0.0005341297364793718,0.0016863967757672071,0.9977795779705048
KQo,13,12,0,SB_vs_3bet,call,raise,5,False,0.019747719168663025,0.1811867207288742,0.7990656197071075
KJs,13,11,1,SB_RFI,raise,raise,4,True,0.043770257383584976,0.03946544602513313,0.916764285415411
KJs,13,11,1,BB_vs_RFI,call,raise,4,False,0.0070562283508479595,0.022854845970869064,0.9700889140367508
KJs,13,11,1,SB_vs_3bet,call,raise,5,False,0.012127749621868134,0.241684228181839,0.7461879700422287
KJo,13,11,0,SB_RFI,raise,raise,4,True,0.0020547255408018827,0.0015009057242423296,0.9964444264769554
KJo,13,11,0,BB_vs_RFI,call,raise,4,False,0.0007969919824972749,0.0013046052772551775,0.9978983178734779
KJo,13,11,0,SB_vs_3bet,call,raise,5,False,0.00045661910553462803,0.004201195668429136,0.9953421950340271
KTs,13,10,1,SB_RFI,raise,raise,4,True,0.035810016095638275,0.04504433274269104,0.9191457182168961
KTs,13,10,1,BB_vs_RFI,call,raise,4,False,0.013375719077885151,0.014170008711516857,0.9724543392658234
KTs,13,10,1,SB_vs_3bet,call,raise,1,False,0.014414502307772636,0.3440608084201813,0.6415247172117233
KTo,13,10,0,SB_RFI,raise,raise,4,True,0.032576315104961395,0.05658828467130661,0.9108354076743126
KTo,13,10,0,BB_vs_RFI,call,raise,4,False,0.010221509262919426,0.05435063689947128,0.9354278296232224
KTo,13,10,0,SB_vs_3bet,fold,raise,5,False,0.007279568817466497,0.02390645630657673,0.9688138961791992
K9s,13,9,1,SB_RFI,raise,raise,3,True,0.02009868435561657,0.023411285132169724,0.9564900808036327
K9s,13,9,1,BB_vs_RFI,call,raise,3,False,0.01725119724869728,0.06316950917243958,0.9195793271064758
K9s,13,9,1,SB_vs_3bet,fold,raise,5,False,0.03518204391002655,0.21788902580738068,0.7469289153814316
K9o,13,9,0,SB_RFI,raise,raise,3,True,0.051325611770153046,0.06741945445537567,0.8812549561262131
K9o,13,9,0,BB_vs_RFI,call,raise,3,False,0.043720830231904984,0.14259491860866547,0.8136843144893646
K9o,13,9,0,SB_vs_3bet,fold,call,1,False,0.054706595838069916,0.5878109931945801,0.3574823625385761
K8s,13,8,1,SB_RFI,raise,raise,3,True,0.07796013355255127,0.07666337490081787,0.8453764971345663
K8s,13,8,1,BB_vs_RFI,call,raise,3,False,0.02188275195658207,0.09024164080619812,0.8878755830228329
K8s,13,8,1,SB_vs_3bet,fold,call,1,False,0.07220187038183212,0.5155936479568481,0.41220441460609436
K8o,13,8,0,SB_RFI,raise,raise,3,True,0.05428152531385422,0.044804178178310394,0.9009142965078354
K8o,13,8,0,BB_vs_RFI,fold,raise,1,False,0.06924954801797867,0.29831627011299133,0.6324341483414173
K8o,13,8,0,SB_vs_3bet,fold,call,1,False,0.03687933832406998,0.6865114569664001,0.276609193533659
K7s,13,7,1,SB_RFI,raise,raise,3,True,0.05123703554272652,0.06784100830554962,0.8809219971299171
K7s,13,7,1,BB_vs_RFI,call,raise,3,False,0.05525068938732147,0.18245060741901398,0.7622987106442451
K7s,13,7,1,SB_vs_3bet,fold,call,1,False,0.08195485919713974,0.700187623500824,0.21785763185471296
K7o,13,7,0,SB_RFI,raise,raise,3,True,0.11852008104324341,0.10822979360818863,0.773250162601471
K7o,13,7,0,BB_vs_RFI,fold,raise,1,False,0.10765816271305084,0.27406182885169983,0.6182799451053143
K7o,13,7,0,SB_vs_3bet,fold,call,1,False,0.12776190042495728,0.6344987154006958,0.23773938324302435
K6s,13,6,1,SB_RFI,raise,raise,2,True,0.1716887354850769,0.14347811043262482,0.6848330982029438
K6s,13,6,1,BB_vs_RFI,call,raise,1,False,0.14332789182662964,0.26746928691864014,0.5892027355730534
K6s,13,6,1,SB_vs_3bet,fold,call,1,False,0.10729353129863739,0.7101184129714966,0.18258809950202703
K6o,13,6,0,SB_RFI,raise,raise,2,True,0.14028112590312958,0.11330995708703995,0.746408911421895
K6o,13,6,0,BB_vs_RFI,fold,raise,1,False,0.08444038778543472,0.3001299798488617,0.6154296174645424
K6o,13,6,0,SB_vs_3bet,fold,call,1,False,0.08526292443275452,0.7533730864524841,0.1613641013391316
K5s,13,5,1,SB_RFI,raise,raise,2,True,0.21446064114570618,0.1271623969078064,0.6583768809214234
K5s,13,5,1,BB_vs_RFI,call,raise,1,False,0.10229889303445816,0.27099859714508057,0.6267025582492352
K5s,13,5,1,SB_vs_3bet,fold,call,1,False,0.1932452768087387,0.5565583109855652,0.2501963311806321
K5o,13,5,0,SB_RFI,raise,raise,3,True,0.13019156455993652,0.09455187618732452,0.7752566765993834
K5o,13,5,0,BB_vs_RFI,fold,raise,1,False,0.11355799436569214,0.23539265990257263,0.6510493252426386
K5o,13,5,0,SB_vs_3bet,fold,call,1,False,0.09511294215917587,0.7136868238449097,0.19120012782514095
K4s,13,4,1,SB_RFI,raise,raise,2,True,0.1628517508506775,0.12839609384536743,0.7087520891800523
K4s,13,4,1,BB_vs_RFI,fold,raise,1,False,0.163646399974823,0.3435322046279907,0.4928213255479932
K4s,13,4,1,SB_vs_3bet,fold,call,1,False,0.23054896295070648,0.6025456786155701,0.16690538171678782
K4o,13,4,0,SB_RFI,raise,raise,2,True,0.20493176579475403,0.1948564499616623,0.600211835000664
K4o,13,4,0,BB_vs_RFI,fold,raise,1,False,0.16848017275333405,0.29508844017982483,0.5364313889294863
K4o,13,4,0,SB_vs_3bet,fold,call,1,False,0.19006548821926117,0.4265502095222473,0.3833842850290239
K3s,13,3,1,SB_RFI,raise,raise,0,True,0.2608925700187683,0.20078615844249725,0.5383211821317673
K3s,13,3,1,BB_vs_RFI,fold,call,1,False,0.24957060813903809,0.41432684659957886,0.3361024206969887
K3s,13,3,1,SB_vs_3bet,fold,call,1,False,0.23454241454601288,0.6596893072128296,0.10576831683283672
K3o,13,3,0,SB_RFI,raise,raise,0,True,0.31724393367767334,0.16658641397953033,0.5161696774885058
K3o,13,3,0,BB_vs_RFI,fold,call,1,False,0.2538183331489563,0.45165470242500305,0.29452694999054074
K3o,13,3,0,SB_vs_3bet,fold,call,1,False,0.14056836068630219,0.7874628901481628,0.07196883379947394
K2s,13,2,1,SB_RFI,raise,raise,0,True,0.2977096736431122,0.16046205163002014,0.5418283380568027
K2s,13,2,1,BB_vs_RFI,fold,fold,0,True,0.3721318542957306,0.3310824930667877,0.29678560025058687
K2s,13,2,1,SB_vs_3bet,fold,fold,0,True,0.4694886803627014,0.32825955748558044,0.20225168811157346
K2o,13,2,0,SB_RFI,raise,raise,3,True,0.2162928283214569,0.11324603855609894,0.6704610977321863
K2o,13,2,0,BB_vs_RFI,fold,raise,1,False,0.2664750814437866,0.34131956100463867,0.3922052993439138
K2o,13,2,0,SB_vs_3bet,fold,call,1,False,0.30950024724006653,0.5039802193641663,0.1865194480633363
QQ,12,12,0,SB_RFI,raise,raise,4,True,0.00014747088425792754,5.973063161945902e-05,0.9997927956283092
QQ,12,12,0,BB_vs_RFI,raise,raise,4,True,0.00011724403884727508,4.4407039240468293e-05,0.9998384118080139
QQ,12,12,0,SB_vs_3bet,call,raise,4,False,0.00013194885104894638,0.00025781968724913895,0.9996102303266525
QJs,12,11,1,SB_RFI,raise,raise,4,True,0.01915120892226696,0.021054549142718315,0.9597942680120468
QJs,12,11,1,BB_vs_RFI,call,raise,4,False,0.0024979340378195047,0.0027683672960847616,0.9947337359189987
QJs,12,11,1,SB_vs_3bet,call,raise,5,False,0.002150762127712369,0.008565235882997513,0.9892839193344116
QJo,12,11,0,SB_RFI,raise,raise,4,True,0.0022583799436688423,0.0018408941105008125,0.9959007203578949
QJo,12,11,0,BB_vs_RFI,call,raise,4,False,0.00019953148148488253,0.00013413552369456738,0.9996662735939026
QJo,12,11,0,SB_vs_3bet,call,raise,5,False,0.00032357664895243943,0.0011863012332469225,0.998490035533905
QTs,12,10,1,SB_RFI,raise,raise,4,True,0.008545995689928532,0.006308469455689192,0.985145591199398
QTs,12,10,1,BB_vs_RFI,call,raise,4,False,0.007112942170351744,0.012588552199304104,0.9802985191345215
QTs,12,10,1,SB_vs_3bet,call,raise,5,False,0.008924107067286968,0.01469821110367775,0.9763775914907455
QTo,12,10,0,SB_RFI,raise,raise,4,True,0.016576768830418587,0.013429603539407253,0.9699936434626579
QTo,12,10,0,BB_vs_RFI,call,raise,4,False,0.011573986150324345,0.023933544754981995,0.9644924700260162
QTo,12,10,0,SB_vs_3bet,fold,raise,5,False,0.0042745210230350494,0.03329167887568474,0.9624337702989578
Q9s,12,9,1,SB_RFI,raise,raise,3,True,0.0748242437839508,0.057654693722724915,0.8675210438668728
Q9s,12,9,1,BB_vs_RFI,call,raise,3,False,0.10597407072782516,0.18143239617347717,0.7125935405492783
Q9s,12,9,1,SB_vs_3bet,call,raise,1,False,0.06394354999065399,0.29175567626953125,0.6443008333444595
Q9o,12,9,0,SB_RFI,raise,raise,3,True,0.09191495925188065,0.09195870906114578,0.8161262683570385
Q9o,12,9,0,BB_vs_RFI,call,raise,3,False,0.07098757475614548,0.1521952599287033,0.7768171653151512
Q9o,12,9,0,SB_vs_3bet,fold,raise,1,False,0.07146761566400528,0.37526801228523254,0.5532644242048264
Q8s,12,8,1,SB_RFI,raise,raise,3,True,0.06732751429080963,0.07332828640937805,0.8593442291021347
Q8s,12,8,1,BB_vs_RFI,call,raise,1,False,0.06276670843362808,0.2794025242328644,0.6578307300806046
Q8s,12,8,1,SB_vs_3bet,fold,raise,1,False,0.10175957530736923,0.26004189252853394,0.6381984427571297
Q8o,12,8,0,SB_RFI,raise,raise,4,True,0.06956557184457779,0.05524067580699921,0.8751937188208103
Q8o,12,8,0,BB_vs_RFI,fold,raise,2,False,0.09575622528791428,0.192892387509346,0.7113513797521591
Q8o,12,8,0,SB_vs_3bet,fold,raise,1,False,0.06879696995019913,0.2751242518424988,0.6560787186026573
Q7s,12,7,1,SB_RFI,raise,raise,3,True,0.10530853271484375,0.08389867842197418,0.8107927665114403
Q7s,12,7,1,BB_vs_RFI,call,raise,2,False,0.11437196284532547,0.22283408045768738,0.6627939827740192
Q7s,12,7,1,SB_vs_3bet,fold,raise,1,False,0.14979059994220734,0.23247557878494263,0.6177337989211082
Q7o,12,7,0,SB_RFI,raise,raise,3,True,0.12700319290161133,0.10313204675912857,0.7698647473007441
Q7o,12,7,0,BB_vs_RFI,fold,raise,2,False,0.12158101052045822,0.2206977903842926,0.6577212475240231
Q7o,12,7,0,SB_vs_3bet,fold,raise,1,False,0.1562698632478714,0.40000399947166443,0.44372620061039925
Q6s,12,6,1,SB_RFI,raise,raise,2,True,0.16180694103240967,0.1229155957698822,0.7152774687856436
Q6s,12,6,1,BB_vs_RFI,fold,raise,2,False,0.13389168679714203,0.20108184218406677,0.6650265324860811
Q6s,12,6,1,SB_vs_3bet,fold,call,1,False,0.14096224308013916,0.5345352292060852,0.3245025696232915
Q6o,12,6,0,SB_RFI,raise,raise,3,True,0.11223438382148743,0.10743113607168198,0.7803344614803791
Q6o,12,6,0,BB_vs_RFI,fold,raise,2,False,0.10767817497253418,0.17481622099876404,0.7175055295228958
Q6o,12,6,0,SB_vs_3bet,fold,raise,1,False,0.1394060105085373,0.3632986843585968,0.4972953796386719
Q5s,12,5,1,SB_RFI,raise,raise,3,True,0.2086326777935028,0.10989408195018768,0.6814732393249869
Q5s,12,5,1,BB_vs_RFI,fold,raise,2,False,0.16634757816791534,0.19253526628017426,0.6411172226071358
Q5s,12,5,1,SB_vs_3bet,fold,call,1,False,0.2557491958141327,0.408132404088974,0.3361184266395867
Q5o,12,5,0,SB_RFI,raise,raise,2,True,0.17035835981369019,0.11825073510408401,0.7113909125328064
Q5o,12,5,0,BB_vs_RFI,fold,raise,1,False,0.1523565649986267,0.2668541967868805,0.5807892512530088
Q5o,12,5,0,SB_vs_3bet,fold,call,1,False,0.12044697254896164,0.44264668226242065,0.4369062967598438
Q4s,12,4,1,SB_RFI,raise,raise,2,True,0.17452779412269592,0.1419139951467514,0.6835581669583917
Q4s,12,4,1,BB_vs_RFI,fold,raise,1,False,0.18478865921497345,0.27520638704299927,0.5400049751624465
Q4s,12,4,1,SB_vs_3bet,fold,call,1,False,0.2514668107032776,0.5209744572639465,0.22755873296409845
Q4o,12,4,0,SB_RFI,raise,raise,3,True,0.1529686450958252,0.12566594779491425,0.7213654639199376
Q4o,12,4,0,BB_vs_RFI,fold,raise,1,False,0.13292452692985535,0.28190547227859497,0.5851699514314532
Q4o,12,4,0,SB_vs_3bet,fold,raise,1,False,0.14977027475833893,0.3996433913707733,0.45058645959943533
Q3s,12,3,1,SB_RFI,raise,raise,3,True,0.21017515659332275,0.1175190657377243,0.672305803745985
Q3s,12,3,1,BB_vs_RFI,fold,raise,1,False,0.24351096153259277,0.2643149495124817,0.4921740759164095
Q3s,12,3,1,SB_vs_3bet,fold,call,1,False,0.2568117678165436,0.4835154414176941,0.25967280054464936
Q3o,12,3,0,SB_RFI,raise,raise,0,True,0.22259579598903656,0.19384726881980896,0.5835568867623806
Q3o,12,3,0,BB_vs_RFI,fold,raise,1,False,0.23699349164962769,0.2458396703004837,0.5171667779795825
Q3o,12,3,0,SB_vs_3bet,fold,call,1,False,0.18585532903671265,0.6517865061759949,0.1623581312596798
Q2s,12,2,1,SB_RFI,raise,raise,0,True,0.25946471095085144,0.134884312748909,0.6056508971378207
Q2s,12,2,1,BB_vs_RFI,fold,raise,0,False,0.2584493160247803,0.21407197415828705,0.5274787270464003
Q2s,12,2,1,SB_vs_3bet,fold,call,1,False,0.25635647773742676,0.4824090003967285,0.26123454235494137
Q2o,12,2,0,SB_RFI,raise,raise,2,True,0.24126411974430084,0.11874714493751526,0.6399886813014746
Q2o,12,2,0,BB_vs_RFI,fold,raise,0,False,0.2822713255882263,0.2641879618167877,0.45354070235043764
Q2o,12,2,0,SB_vs_3bet,fold,call,1,False,0.36422017216682434,0.38251426815986633,0.25326561357360333
JJ,11,11,0,SB_RFI,raise,raise,4,True,0.0001273897069040686,2.888033850467764e-05,0.9998437706381083
JJ,11,11,0,BB_vs_RFI,raise,raise,4,True,7.393360283458605e-05,1.7041546016116627e-05,0.9999089278280735
JJ,11,11,0,SB_vs_3bet,call,raise,4,False,0.00010656248196028173,8.294654981000349e-05,0.9998105466365814
JTs,11,10,1,SB_RFI,raise,raise,4,True,0.020986951887607574,0.014780687168240547,0.9642324149608612
JTs,11,10,1,BB_vs_RFI,call,raise,4,False,0.004547923803329468,0.00722005870193243,0.9882320314645767
JTs,11,10,1,SB_vs_3bet,call,raise,5,False,0.003495089476928115,0.019319932907819748,0.9771849662065506
JTo,11,10,0,SB_RFI,raise,raise,4,True,0.007639119401574135,0.005639964248985052,0.9867209121584892
JTo,11,10,0,BB_vs_RFI,call,raise,5,False,0.012038675136864185,0.03856717050075531,0.949394091963768
JTo,11,10,0,SB_vs_3bet,fold,raise,5,False,0.004271408077329397,0.05665525794029236,0.9390733167529106
J9s,11,9,1,SB_RFI,raise,raise,3,True,0.029263585805892944,0.026714112609624863,0.9440223164856434
J9s,11,9,1,BB_vs_RFI,call,raise,3,False,0.04702082276344299,0.08450450003147125,0.8684746697545052
J9s,11,9,1,SB_vs_3bet,call,raise,3,False,0.027682757005095482,0.15748529136180878,0.81483194231987
J9o,11,9,0,SB_RFI,raise,raise,4,True,0.027249695733189583,0.028508344665169716,0.9442419074475765
J9o,11,9,0,BB_vs_RFI,call,raise,4,False,0.03262435272336006,0.07569342106580734,0.8916821852326393
J9o,11,9,0,SB_vs_3bet,fold,raise,1,False,0.03699849173426628,0.23441535234451294,0.7285861372947693
J8s,11,8,1,SB_RFI,raise,raise,3,True,0.09632076323032379,0.10255415737628937,0.8011251054704189
J8s,11,8,1,BB_vs_RFI,call,raise,1,False,0.09605247527360916,0.3110503852367401,0.5928971022367477
J8s,11,8,1,SB_vs_3bet,call,raise,1,False,0.10099516808986664,0.41835686564445496,0.4806479923427105
J8o,11,8,0,SB_RFI,raise,raise,3,True,0.07765813916921616,0.11429619789123535,0.8080457001924515
J8o,11,8,0,BB_vs_RFI,call,raise,3,False,0.07411414384841919,0.21635933220386505,0.7095264606177807
J8o,11,8,0,SB_vs_3bet,fold,call,1,False,0.05957915261387825,0.5952051877975464,0.34521567448973656
J7s,11,7,1,SB_RFI,raise,raise,2,True,0.14360381662845612,0.14762023091316223,0.7087759338319302
J7s,11,7,1,BB_vs_RFI,call,raise,1,False,0.12877246737480164,0.34055429697036743,0.5306732971221209
J7s,11,7,1,SB_vs_3bet,fold,call,1,False,0.11984463036060333,0.6869343519210815,0.19322107918560505
J7o,11,7,0,SB_RFI,raise,raise,3,True,0.11974800378084183,0.08341462910175323,0.796837417408824
J7o,11,7,0,BB_vs_RFI,fold,raise,1,False,0.1214195042848587,0.28124696016311646,0.5973335094749928
J7o,11,7,0,SB_vs_3bet,fold,call,1,False,0.09126153588294983,0.6394104361534119,0.2693281229585409
J6s,11,6,1,SB_RFI,raise,raise,3,True,0.1606716513633728,0.11841976642608643,0.7209086641669273
J6s,11,6,1,BB_vs_RFI,fold,raise,1,False,0.1558917611837387,0.2676507532596588,0.5764575907960534
J6s,11,6,1,SB_vs_3bet,fold,call,1,False,0.1284893900156021,0.5173159837722778,0.3541945591568947
J6o,11,6,0,SB_RFI,raise,raise,2,True,0.1303330361843109,0.12092642486095428,0.7487405948340893
J6o,11,6,0,BB_vs_RFI,fold,raise,1,False,0.09362231940031052,0.44607779383659363,0.46029988676309586
J6o,11,6,0,SB_vs_3bet,fold,call,1,False,0.145819291472435,0.6361071467399597,0.2180735394358635
J5s,11,5,1,SB_RFI,raise,raise,2,True,0.22983312606811523,0.13647182285785675,0.6336950184777379
J5s,11,5,1,BB_vs_RFI,fold,raise,2,False,0.18723151087760925,0.20017728209495544,0.612591128796339
J5s,11,5,1,SB_vs_3bet,fold,call,1,False,0.14694035053253174,0.5601911544799805,0.2928684800863266
J5o,11,5,0,SB_RFI,raise,raise,3,True,0.11814723163843155,0.08002910017967224,0.8018237482756376
J5o,11,5,0,BB_vs_RFI,fold,raise,3,False,0.1224241703748703,0.20500719547271729,0.6725686471909285
J5o,11,5,0,SB_vs_3bet,fold,raise,1,False,0.15682411193847656,0.36378175020217896,0.4793940829113126
J4s,11,4,1,SB_RFI,raise,raise,2,True,0.18054789304733276,0.13677272200584412,0.6826793504878879
J4s,11,4,1,BB_vs_RFI,fold,raise,2,False,0.18310992419719696,0.2240530550479889,0.5928370608016849
J4s,11,4,1,SB_vs_3bet,fold,call,1,False,0.18732453882694244,0.6808722615242004,0.13180315913632512
J4o,11,4,0,SB_RFI,raise,raise,2,True,0.17714786529541016,0.15070243179798126,0.672149752266705
J4o,11,4,0,BB_vs_RFI,fold,raise,2,False,0.179256871342659,0.21835178136825562,0.6023914432153106
J4o,11,4,0,SB_vs_3bet,fold,call,1,False,0.19661708176136017,0.5162512063980103,0.28713164455257356
J3s,11,3,1,SB_RFI,raise,raise,3,True,0.21339969336986542,0.15262912213802338,0.6339712566696107
J3s,11,3,1,BB_vs_RFI,fold,raise,2,False,0.2083320915699005,0.20575112104415894,0.585916849784553
J3s,11,3,1,SB_vs_3bet,fold,call,1,False,0.13878478109836578,0.7134836912155151,0.1477315705269575
J3o,11,3,0,SB_RFI,raise,raise,0,True,0.2401197850704193,0.1523696631193161,0.6075105057097971
J3o,11,3,0,BB_vs_RFI,fold,raise,1,False,0.21845003962516785,0.31125959753990173,0.4702903893776238
J3o,11,3,0,SB_vs_3bet,fold,call,1,False,0.21124747395515442,0.5995208024978638,0.18923175404779613
J2s,11,2,1,SB_RFI,raise,raise,0,True,0.2581780254840851,0.10646066814661026,0.6353613040409982
J2s,11,2,1,BB_vs_RFI,fold,raise,1,False,0.2782091796398163,0.30429574847221375,0.41749507980421185
J2s,11,2,1,SB_vs_3bet,fold,call,1,False,0.2407875806093216,0.6252080202102661,0.13400438299868256
J2o,11,2,0,SB_RFI,raise,raise,3,True,0.20591090619564056,0.1048201248049736,0.6892689852975309
J2o,11,2,0,BB_vs_RFI,fold,raise,0,False,0.27259963750839233,0.2689896523952484,0.4584106234833598
J2o,11,2,0,SB_vs_3bet,fold,call,1,False,0.25318148732185364,0.5941665172576904,0.15265206806361675
TT,10,10,0,SB_RFI,raise,raise,4,True,4.965985135640949e-05,1.0405259672552347e-05,0.9999399492517114
TT,10,10,0,BB_vs_RFI,call,raise,4,False,0.0002162665332434699,0.00020417888299562037,0.9995795711874962
TT,10,10,0,SB_vs_3bet,call,raise,4,False,3.1563988159177825e-05,3.248888242524117e-05,0.9999359250068665
T9s,10,9,1,SB_RFI,raise,raise,3,True,0.03658197820186615,0.0353420227766037,0.9280760549008846
T9s,10,9,1,BB_vs_RFI,call,raise,3,False,0.035509612411260605,0.06390483677387238,0.900585487484932
T9s,10,9,1,SB_vs_3bet,call,raise,1,False,0.037948161363601685,0.29954877495765686,0.6625030636787415
T9o,10,9,0,SB_RFI,raise,raise,3,True,0.04871366173028946,0.046590905636548996,0.9046953991055489
T9o,10,9,0,BB_vs_RFI,call,raise,3,False,0.03853456303477287,0.054612528532743454,0.9068528600037098
T9o,10,9,0,SB_vs_3bet,fold,raise,5,False,0.016130516305565834,0.14748935401439667,0.8363801538944244
T8s,10,8,1,SB_RFI,raise,raise,3,True,0.09831039607524872,0.10452508181333542,0.7971644978970289
T8s,10,8,1,BB_vs_RFI,call,raise,3,False,0.04495609551668167,0.1269661784172058,0.8280776292085648
T8s,10,8,1,SB_vs_3bet,call,call,1,True,0.05570526793599129,0.546837329864502,0.39745743200182915
T8o,10,8,0,SB_RFI,raise,raise,3,True,0.04534556716680527,0.04116499796509743,0.913489380851388
T8o,10,8,0,BB_vs_RFI,call,raise,3,False,0.08846703916788101,0.22612349689006805,0.6854093745350838
T8o,10,8,0,SB_vs_3bet,fold,raise,1,False,0.02904961071908474,0.29625368118286133,0.6746966391801834
T7s,10,7,1,SB_RFI,raise,raise,3,True,0.12359608709812164,0.14823418855667114,0.7281696423888206
T7s,10,7,1,BB_vs_RFI,call,raise,1,False,0.13464288413524628,0.34968215227127075,0.5156749226152897
T7s,10,7,1,SB_vs_3bet,fold,call,1,False,0.11457622051239014,0.7196837663650513,0.165739961899817
T7o,10,7,0,SB_RFI,raise,raise,3,True,0.09446248412132263,0.05987194553017616,0.8456656076014042
T7o,10,7,0,BB_vs_RFI,call,raise,2,False,0.17004390060901642,0.20660924911499023,0.6233468763530254
T7o,10,7,0,SB_vs_3bet,fold,call,1,False,0.12247908860445023,0.5503945350646973,0.32712634187191725
T6s,10,6,1,SB_RFI,raise,raise,3,True,0.11017517000436783,0.08122396469116211,0.8086007498204708
T6s,10,6,1,BB_vs_RFI,call,raise,1,False,0.17767015099525452,0.31342267990112305,0.508907176554203
T6s,10,6,1,SB_vs_3bet,fold,call,1,False,0.1112162321805954,0.7327344417572021,0.15604924922809005
T6o,10,6,0,SB_RFI,raise,raise,3,True,0.10269365459680557,0.08655624091625214,0.8107501175254583
T6o,10,6,0,BB_vs_RFI,fold,raise,1,False,0.16097001731395721,0.29333925247192383,0.545690787024796
T6o,10,6,0,SB_vs_3bet,fold,call,1,False,0.09208671748638153,0.6974287033081055,0.21048468723893166
T5s,10,5,1,SB_RFI,raise,raise,3,True,0.17288237810134888,0.11777039617300034,0.7093471977859735
T5s,10,5,1,BB_vs_RFI,fold,raise,1,False,0.19624264538288116,0.2929670512676239,0.5107902465388179
T5s,10,5,1,SB_vs_3bet,fold,call,1,False,0.11773938685655594,0.5921179056167603,0.290142685174942
T5o,10,5,0,SB_RFI,raise,raise,3,True,0.16772818565368652,0.0946134552359581,0.7376582967117429
T5o,10,5,0,BB_vs_RFI,fold,raise,2,False,0.1508316844701767,0.1816907376050949,0.6674776021391153
T5o,10,5,0,SB_vs_3bet,fold,call,1,False,0.11471045762300491,0.5590134859085083,0.3262760993093252
T4s,10,4,1,SB_RFI,raise,raise,3,True,0.18577109277248383,0.13757671415805817,0.6766522116959095
T4s,10,4,1,BB_vs_RFI,fold,call,1,False,0.21478520333766937,0.4361208379268646,0.34909393172711134
T4s,10,4,1,SB_vs_3bet,fold,call,1,False,0.11783895641565323,0.7691668272018433,0.11299434816464782
T4o,10,4,0,SB_RFI,raise,raise,3,True,0.12103256583213806,0.08957406133413315,0.7893933281302452
T4o,10,4,0,BB_vs_RFI,fold,raise,2,False,0.17161446809768677,0.1889316886663437,0.6394538413733244
T4o,10,4,0,SB_vs_3bet,fold,call,1,False,0.17376314103603363,0.5707887411117554,0.25544808339327574
T3s,10,3,1,SB_RFI,raise,raise,3,True,0.16830821335315704,0.14005304872989655,0.6916387528181076
T3s,10,3,1,BB_vs_RFI,fold,raise,1,False,0.2627311944961548,0.3286099433898926,0.4086588202044368
T3s,10,3,1,SB_vs_3bet,fold,call,1,False,0.1839718222618103,0.6738895177841187,0.14213856821879745
T3o,10,3,0,SB_RFI,raise,raise,0,True,0.23280903697013855,0.1745319813489914,0.59265904314816
T3o,10,3,0,BB_vs_RFI,fold,call,1,False,0.2583349347114563,0.43165916204452515,0.31000587763264775
T3o,10,3,0,SB_vs_3bet,fold,call,1,False,0.09514288604259491,0.7941783666610718,0.11067888420075178
T2s,10,2,1,SB_RFI,raise,raise,2,True,0.22487302124500275,0.11126260459423065,0.6638644053600729
T2s,10,2,1,BB_vs_RFI,fold,raise,1,False,0.24322813749313354,0.3223682641983032,0.43440352845937014
T2s,10,2,1,SB_vs_3bet,fold,call,1,False,0.2749088406562805,0.5385343432426453,0.1865567557979375
T2o,10,2,0,SB_RFI,raise,raise,3,True,0.21609751880168915,0.14463463425636292,0.639267866499722
T2o,10,2,0,BB_vs_RFI,fold,raise,1,False,0.16688202321529388,0.25051385164260864,0.5826041391119361
T2o,10,2,0,SB_vs_3bet,fold,call,1,False,0.2522159814834595,0.5989111065864563,0.14887293195351958
99,9,9,0,SB_RFI,raise,raise,4,True,0.00014689561794511974,0.0001790766982594505,0.9996741134673357
99,9,9,0,BB_vs_RFI,call,raise,4,False,0.0019520737696439028,0.006793261040002108,0.9912547171115875
99,9,9,0,SB_vs_3bet,call,raise,4,False,0.00019202001567464322,0.00129571626894176,0.9985122531652451
98s,9,8,1,SB_RFI,raise,raise,3,True,0.09284151345491409,0.15380918979644775,0.7533493284136057
98s,9,8,1,BB_vs_RFI,call,raise,1,False,0.1442643254995346,0.4170304834842682,0.4387052711099386
98s,9,8,1,SB_vs_3bet,call,call,1,True,0.09727101773023605,0.6715096831321716,0.23121926747262478
98o,9,8,0,SB_RFI,raise,raise,3,True,0.11634897440671921,0.2145129144191742,0.6691381074488163
98o,9,8,0,BB_vs_RFI,call,raise,1,False,0.10543138533830643,0.30743131041526794,0.5871373191475868
98o,9,8,0,SB_vs_3bet,fold,call,1,False,0.045552924275398254,0.849810779094696,0.10463622212409973
97s,9,7,1,SB_RFI,raise,raise,2,True,0.15244421362876892,0.20517763495445251,0.6423781458288431
97s,9,7,1,BB_vs_RFI,call,call,1,True,0.1604655385017395,0.4923116862773895,0.34722281992435455
97s,9,7,1,SB_vs_3bet,call,call,1,True,0.11721169948577881,0.8044352531433105,0.0783530636690557
97o,9,7,0,SB_RFI,raise,raise,2,True,0.12668192386627197,0.16495628654956818,0.7083617839962244
97o,9,7,0,BB_vs_RFI,call,raise,1,False,0.16110633313655853,0.3071293234825134,0.5317642213776708
97o,9,7,0,SB_vs_3bet,fold,call,1,False,0.08232938498258591,0.7262628674507141,0.19140774942934513
96s,9,6,1,SB_RFI,raise,raise,2,True,0.18854393064975739,0.18268156051635742,0.6287744743749499
96s,9,6,1,BB_vs_RFI,call,raise,1,False,0.19433856010437012,0.2762759327888489,0.5293855546042323
96s,9,6,1,SB_vs_3bet,fold,call,1,False,0.12109196931123734,0.7588058114051819,0.12010229006409645
96o,9,6,0,SB_RFI,raise,raise,3,True,0.19177211821079254,0.1168435662984848,0.6913843443617225
96o,9,6,0,BB_vs_RFI,fold,call,1,False,0.19276224076747894,0.4185003936290741,0.3887373013421893
96o,9,6,0,SB_vs_3bet,fold,call,1,False,0.13213525712490082,0.7240743041038513,0.1437904709018767
95s,9,5,1,SB_RFI,raise,raise,1,True,0.2305057793855667,0.26376351714134216,0.5057306657545269
95s,9,5,1,BB_vs_RFI,fold,raise,1,False,0.1870478391647339,0.33220335841178894,0.48074886482208967
95s,9,5,1,SB_vs_3bet,fold,call,1,False,0.228943333029747,0.5479680299758911,0.2230886365287006
95o,9,5,0,SB_RFI,fold,raise,2,False,0.21056780219078064,0.1621958166360855,0.6272364407777786
95o,9,5,0,BB_vs_RFI,fold,raise,1,False,0.17222033441066742,0.30438077449798584,0.5233988584950566
95o,9,5,0,SB_vs_3bet,fold,call,1,False,0.15739448368549347,0.6364754438400269,0.206130045466125
94s,9,4,1,SB_RFI,raise,raise,2,True,0.2196139246225357,0.18139387667179108,0.5989922229200602
94s,9,4,1,BB_vs_RFI,fold,fold,0,True,0.37497565150260925,0.3296163082122803,0.29540806682780385
94s,9,4,1,SB_vs_3bet,fold,call,1,False,0.42393577098846436,0.4852467477321625,0.09081752726342529
94o,9,4,0,SB_RFI,fold,raise,2,False,0.14917735755443573,0.21284839510917664,0.6379742044955492
94o,9,4,0,BB_vs_RFI,fold,call,1,False,0.16866366565227509,0.45527413487434387,0.37606226513162255
94o,9,4,0,SB_vs_3bet,fold,call,1,False,0.19037656486034393,0.6557269096374512,0.1538965266663581
93s,9,3,1,SB_RFI,raise,raise,0,True,0.3135780096054077,0.20072904229164124,0.4856929434463382
93s,9,3,1,BB_vs_RFI,fold,call,1,False,0.24222777783870697,0.43159937858581543,0.32617281400598586
93s,9,3,1,SB_vs_3bet,fold,call,1,False,0.18870609998703003,0.7521206140518188,0.05917324963957071
93o,9,3,0,SB_RFI,fold,raise,0,False,0.30183887481689453,0.18634577095508575,0.5118152818176895
93o,9,3,0,BB_vs_RFI,fold,call,1,False,0.2735062837600708,0.43153566122055054,0.29495806293562055
93o,9,3,0,SB_vs_3bet,fold,call,1,False,0.21453051269054413,0.7108227610588074,0.07464664801955223
92s,9,2,1,SB_RFI,raise,raise,0,True,0.31389179825782776,0.14709091186523438,0.5390172887127846
92s,9,2,1,BB_vs_RFI,fold,call,1,False,0.3887363374233246,0.3961302638053894,0.21513327868888155
92s,9,2,1,SB_vs_3bet,fold,call,1,False,0.37617015838623047,0.53836989402771,0.0854599307058379
92o,9,2,0,SB_RFI,fold,raise,2,False,0.2330394834280014,0.16381533443927765,0.6031452249735594
92o,9,2,0,BB_vs_RFI,fold,call,1,False,0.36731472611427307,0.4232344329357147,0.20945082954131067
92o,9,2,0,SB_vs_3bet,fold,call,1,False,0.3015604317188263,0.6491089463233948,0.04933059023460373
88,8,8,0,SB_RFI,raise,raise,3,True,0.08796139061450958,0.08450517803430557,0.8275334811769426
88,8,8,0,BB_vs_RFI,call,raise,2,False,0.09523490071296692,0.23952163755893707,0.6652435138821602
88,8,8,0,SB_vs_3bet,call,raise,1,False,0.1141708493232727,0.3118460774421692,0.5739830667153001
87s,8,7,1,SB_RFI,raise,raise,3,True,0.10621827095746994,0.07482599467039108,0.8189556933939457
87s,8,7,1,BB_vs_RFI,call,raise,1,False,0.1768036186695099,0.30969560146331787,0.5135007607750595
87s,8,7,1,SB_vs_3bet,fold,call,1,False,0.10662046819925308,0.7427114844322205,0.15066811017459258
87o,8,7,0,SB_RFI,raise,raise,2,True,0.13891814649105072,0.1712454855442047,0.6898363889195025
87o,8,7,0,BB_vs_RFI,call,raise,1,False,0.12750980257987976,0.28717759251594543,0.5853126200381666
87o,8,7,0,SB_vs_3bet,fold,call,1,False,0.12546460330486298,0.6851403117179871,0.18939509603660554
86s,8,6,1,SB_RFI,raise,raise,2,True,0.18574272096157074,0.15533357858657837,0.6589236783329397
86s,8,6,1,BB_vs_RFI,call,raise,1,False,0.1808120161294937,0.33172163367271423,0.48746625636704266
86s,8,6,1,SB_vs_3bet,fold,call,1,False,0.2415289431810379,0.586074948310852,0.17239608595264144
86o,8,6,0,SB_RFI,fold,raise,2,False,0.13521155714988708,0.15789438784122467,0.7068940284661949
86o,8,6,0,BB_vs_RFI,fold,raise,1,False,0.17409361898899078,0.3128528296947479,0.5130535921780393
86o,8,6,0,SB_vs_3bet,fold,call,1,False,0.224839448928833,0.5807856321334839,0.19437500787898898
85s,8,5,1,SB_RFI,raise,raise,0,True,0.27062055468559265,0.19447694718837738,0.5349024885217659
85s,8,5,1,BB_vs_RFI,call,raise,0,False,0.25937795639038086,0.2569498121738434,0.4836721720639616
85s,8,5,1,SB_vs_3bet,fold,call,1,False,0.3596082031726837,0.4184286892414093,0.22196309760329314
85o,8,5,0,SB_RFI,fold,raise,0,False,0.2563786804676056,0.16695021092891693,0.5766711763571948
85o,8,5,0,BB_vs_RFI,fold,raise,1,False,0.2505769431591034,0.28106048703193665,0.46836259705014527
85o,8,5,0,SB_vs_3bet,fold,call,1,False,0.17178700864315033,0.6270081400871277,0.20120487979147583
84s,8,4,1,SB_RFI,raise,raise,2,True,0.15843939781188965,0.18329273164272308,0.6582677927799523
84s,8,4,1,BB_vs_RFI,fold,call,1,False,0.35319411754608154,0.35498562455177307,0.2918202346772887
84s,8,4,1,SB_vs_3bet,fold,call,1,False,0.2921534478664398,0.5414035320281982,0.16644307522801682
84o,8,4,0,SB_RFI,fold,raise,2,False,0.1699768602848053,0.2024884968996048,0.6275345906615257
84o,8,4,0,BB_vs_RFI,fold,raise,1,False,0.23878584802150726,0.2597964107990265,0.5014176834374666
84o,8,4,0,SB_vs_3bet,fold,call,1,False,0.22730165719985962,0.5294185876846313,0.2432797356741503
83s,8,3,1,SB_RFI,raise,raise,1,True,0.19393713772296906,0.2382780760526657,0.5677848272025585
83s,8,3,1,BB_vs_RFI,fold,call,1,False,0.3185339570045471,0.3963650166988373,0.2851010839221999
83s,8,3,1,SB_vs_3bet,fold,call,1,False,0.3306746780872345,0.4757067561149597,0.19361857627518475
83o,8,3,0,SB_RFI,fold,raise,0,False,0.31670868396759033,0.21867837011814117,0.46461297530913725
83o,8,3,0,BB_vs_RFI,fold,raise,0,False,0.30717766284942627,0.266396164894104,0.4264260733034462
83o,8,3,0,SB_vs_3bet,fold,call,1,False,0.2937248945236206,0.6242563128471375,0.08201884816662641
82s,8,2,1,SB_RFI,raise,raise,0,True,0.30022215843200684,0.13447518646717072,0.5653026724176016
82s,8,2,1,BB_vs_RFI,fold,fold,0,True,0.42666882276535034,0.2709687650203705,0.3023623826011317
82s,8,2,1,SB_vs_3bet,fold,call,1,False,0.27381861209869385,0.6212300062179565,0.10495138936676085
82o,8,2,0,SB_RFI,fold,raise,0,False,0.28964805603027344,0.134323850274086,0.5760281812981702
82o,8,2,0,BB_vs_RFI,fold,raise,0,False,0.3407405912876129,0.2883685529232025,0.3708908534026705
82o,8,2,0,SB_vs_3bet,fold,call,1,False,0.23433668911457062,0.6590726375579834,0.10659070426481776
77,7,7,0,SB_RFI,raise,raise,2,True,0.17818085849285126,0.14454324543476105,0.677275849506259
77,7,7,0,BB_vs_RFI,call,raise,1,False,0.17538483440876007,0.28875207901000977,0.5358630362898111
77,7,7,0,SB_vs_3bet,call,call,1,True,0.17554086446762085,0.5092507004737854,0.31520845415070653
76s,7,6,1,SB_RFI,raise,raise,3,True,0.21973001956939697,0.15914322435855865,0.6211267258040607
76s,7,6,1,BB_vs_RFI,call,raise,1,False,0.15767741203308105,0.2822013795375824,0.5601211851462722
76s,7,6,1,SB_vs_3bet,fold,call,1,False,0.1640375256538391,0.626680850982666,0.20928166434168816
76o,7,6,0,SB_RFI,fold,raise,2,False,0.2116536945104599,0.15055038034915924,0.6377958995290101
76o,7,6,0,BB_vs_RFI,fold,raise,1,False,0.1581953763961792,0.3210938274860382,0.5207107332535088
76o,7,6,0,SB_vs_3bet,fold,call,1,False,0.17123182117938995,0.5375625491142273,0.2912056348286569
75s,7,5,1,SB_RFI,raise,raise,0,True,0.27373695373535156,0.17392216622829437,0.5523408569861203
75s,7,5,1,BB_vs_RFI,call,raise,0,False,0.3024636209011078,0.2114781141281128,0.4860582170076668
75s,7,5,1,SB_vs_3bet,fold,fold,0,True,0.4178309142589569,0.29385602474212646,0.28831311280373484
75o,7,5,0,SB_RFI,fold,raise,2,False,0.23273763060569763,0.08904645591974258,0.6782158829737455
75o,7,5,0,BB_vs_RFI,fold,raise,2,False,0.15735578536987305,0.22823676466941833,0.6144074434414506
75o,7,5,0,SB_vs_3bet,fold,raise,1,False,0.1802421659231186,0.36172667145729065,0.45803119731135666
74s,7,4,1,SB_RFI,raise,raise,0,True,0.272602379322052,0.14277201890945435,0.5846255769720301
74s,7,4,1,BB_vs_RFI,call,call,1,True,0.3145345449447632,0.3465830981731415,0.3388824255671352
74s,7,4,1,SB_vs_3bet,fold,call,1,False,0.35776951909065247,0.38317400217056274,0.25905648549087346
74o,7,4,0,SB_RFI,fold,raise,3,False,0.22510461509227753,0.1652870923280716,0.6096083084121346
74o,7,4,0,BB_vs_RFI,fold,raise,2,False,0.1860051304101944,0.22752466797828674,0.5864702252438292
74o,7,4,0,SB_vs_3bet,fold,call,1,False,0.3155026137828827,0.3657446801662445,0.31875268422299996
73s,7,3,1,SB_RFI,raise,raise,0,True,0.2748263478279114,0.13630084693431854,0.5888727710116655
73s,7,3,1,BB_vs_RFI,fold,raise,0,False,0.32201525568962097,0.31620460748672485,0.3617802334483713
73s,7,3,1,SB_vs_3bet,fold,call,1,False,0.2797544598579407,0.41781216859817505,0.30243331263773143
73o,7,3,0,SB_RFI,fold,raise,0,False,0.32648220658302307,0.20117643475532532,0.47234134771861136
73o,7,3,0,BB_vs_RFI,fold,raise,0,False,0.35778358578681946,0.2796173691749573,0.36259911372326314
73o,7,3,0,SB_vs_3bet,fold,call,1,False,0.3244522213935852,0.5291193127632141,0.14642838286818005
72s,7,2,1,SB_RFI,raise,raise,0,True,0.41126909852027893,0.08429063856601715,0.5044402905186871
72s,7,2,1,BB_vs_RFI,fold,fold,0,True,0.42969244718551636,0.23141294717788696,0.3388945954211522
72s,7,2,1,SB_vs_3bet,fold,fold,0,True,0.5580373406410217,0.3037291467189789,0.13823353900806978
72o,7,2,0,SB_RFI,fold,raise,0,False,0.3013363182544708,0.143360897898674,0.5553028401918709
72o,7,2,0,BB_vs_RFI,fold,raise,1,False,0.2612941265106201,0.28126347064971924,0.45744227583054453
72o,7,2,0,SB_vs_3bet,fold,call,1,False,0.3529435396194458,0.4963444173336029,0.1507119142333977
66,6,6,0,SB_RFI,raise,raise,2,True,0.23296405375003815,0.1288766711950302,0.6381593779660761
66,6,6,0,BB_vs_RFI,call,raise,0,False,0.3099322021007538,0.15130853652954102,0.5387592983897775
66,6,6,0,SB_vs_3bet,fold,call,1,False,0.36255452036857605,0.4225460886955261,0.21489933144766837
65s,6,5,1,SB_RFI,raise,raise,0,True,0.2905782163143158,0.11410702019929886,0.5953148175030947
65s,6,5,1,BB_vs_RFI,call,fold,0,False,0.4335634410381317,0.1786886304616928,0.38774796098005027
65s,6,5,1,SB_vs_3bet,fold,call,1,False,0.33617517352104187,0.4571426212787628,0.2066822769411374
65o,6,5,0,SB_RFI,fold,raise,0,False,0.31042370200157166,0.06498779356479645,0.6245884492527694
65o,6,5,0,BB_vs_RFI,fold,raise,0,False,0.3273322284221649,0.1905273050069809,0.4821404394460842
65o,6,5,0,SB_vs_3bet,fold,fold,0,True,0.42597314715385437,0.4072224199771881,0.16680444874509703
64s,6,4,1,SB_RFI,raise,raise,0,True,0.3020133376121521,0.10061672329902649,0.5973699922906235
64s,6,4,1,BB_vs_RFI,call,fold,0,False,0.42445695400238037,0.24167412519454956,0.3338689646916464
64s,6,4,1,SB_vs_3bet,fold,fold,0,True,0.5527036190032959,0.23412565886974335,0.21317071397788823
64o,6,4,0,SB_RFI,fold,raise,0,False,0.29188090562820435,0.09563416987657547,0.6124848704785109
64o,6,4,0,BB_vs_RFI,fold,fold,0,True,0.400199294090271,0.25116410851478577,0.34863667422905564
64o,6,4,0,SB_vs_3bet,fold,fold,0,True,0.48694169521331787,0.26564210653305054,0.24741620510758366
63s,6,3,1,SB_RFI,raise,raise,0,True,0.42097166180610657,0.09943673014640808,0.47959151600662153
63s,6,3,1,BB_vs_RFI,fold,fold,0,True,0.40181854367256165,0.28623485565185547,0.31194667459931225
63s,6,3,1,SB_vs_3bet,fold,fold,0,True,0.5349584817886353,0.36135053634643555,0.10369099035597173
63o,6,3,0,SB_RFI,fold,raise,0,False,0.3981923758983612,0.1136343777179718,0.48817325054551475
63o,6,3,0,BB_vs_RFI,fold,fold,0,True,0.47222134470939636,0.1669098436832428,0.360868948395364
63o,6,3,0,SB_vs_3bet,fold,fold,0,True,0.49792322516441345,0.38476917147636414,0.11730767158405797
62s,6,2,1,SB_RFI,raise,raise,0,True,0.4555652439594269,0.06533540040254593,0.47909934400377097
62s,6,2,1,BB_vs_RFI,fold,fold,0,True,0.5895573496818542,0.200752854347229,0.20968980531324632
62s,6,2,1,SB_vs_3bet,fold,fold,0,True,0.7574166059494019,0.1212720051407814,0.12131144610430056
62o,6,2,0,SB_RFI,fold,raise,0,False,0.34410029649734497,0.05005114898085594,0.605848489125492
62o,6,2,0,BB_vs_RFI,fold,fold,0,True,0.4101661443710327,0.2401430606842041,0.3496908270462882
62o,6,2,0,SB_vs_3bet,fold,fold,0,True,0.44904419779777527,0.34568798542022705,0.20526773802703246
55,5,5,0,SB_RFI,raise,raise,0,True,0.2920314073562622,0.0765383169054985,0.6314302738755941
55,5,5,0,BB_vs_RFI,call,raise,0,False,0.2709621489048004,0.17776215076446533,0.5512756376992911
55,5,5,0,SB_vs_3bet,fold,fold,0,True,0.40758785605430603,0.2379876971244812,0.35442449248512276
54s,5,4,1,SB_RFI,raise,raise,0,True,0.32468825578689575,0.0730697438120842,0.602242014661897
54s,5,4,1,BB_vs_RFI,call,fold,0,False,0.566217303276062,0.15125198662281036,0.28253080626018345
54s,5,4,1,SB_vs_3bet,fold,fold,0,True,0.6042493581771851,0.2618754506111145,0.13387518080526206
54o,5,4,0,SB_RFI,fold,raise,0,False,0.2746884226799011,0.13210119307041168,0.593210366438143
54o,5,4,0,BB_vs_RFI,fold,raise,0,False,0.3581528663635254,0.21358302235603333,0.4282640819437802
54o,5,4,0,SB_vs_3bet,fold,call,1,False,0.3011115789413452,0.47473880648612976,0.2241497362338123
53s,5,3,1,SB_RFI,raise,raise,0,True,0.3288770318031311,0.1014121025800705,0.569710863463115
53s,5,3,1,BB_vs_RFI,call,fold,0,False,0.4886637330055237,0.18043985962867737,0.33089636040313053
53s,5,3,1,SB_vs_3bet,fold,fold,0,True,0.5421704053878784,0.20976053178310394,0.248069112032681
53o,5,3,0,SB_RFI,fold,raise,0,False,0.36566218733787537,0.1843963861465454,0.44994138821493834
53o,5,3,0,BB_vs_RFI,fold,fold,0,True,0.373191773891449,0.27465760707855225,0.3521506328470423
53o,5,3,0,SB_vs_3bet,fold,fold,0,True,0.4952302873134613,0.3841123878955841,0.12065722961051506
52s,5,2,1,SB_RFI,raise,fold,0,False,0.5095424056053162,0.050832170993089676,0.4396253609593259
52s,5,2,1,BB_vs_RFI,fold,fold,0,True,0.5239716172218323,0.1529613584280014,0.32306699605396716
52s,5,2,1,SB_vs_3bet,fold,fold,0,True,0.6190897822380066,0.1387145072221756,0.2421958325066953
52o,5,2,0,SB_RFI,fold,raise,0,False,0.449474573135376,0.06808242946863174,0.4824429710934055
52o,5,2,0,BB_vs_RFI,fold,fold,0,True,0.5435271859169006,0.10839872062206268,0.3480741365783615
52o,5,2,0,SB_vs_3bet,fold,fold,0,True,0.5987265706062317,0.2826381027698517,0.11863521523082454
44,4,4,0,SB_RFI,raise,raise,0,True,0.2696383595466614,0.17183667421340942,0.5585250209551305
44,4,4,0,BB_vs_RFI,call,raise,0,False,0.3301258683204651,0.28027626872062683,0.38959785195766017
44,4,4,0,SB_vs_3bet,fold,call,1,False,0.35956448316574097,0.5210331678390503,0.11940248609971604
43s,4,3,1,SB_RFI,raise,fold,0,False,0.4513724446296692,0.13517874479293823,0.4134488245617831
43s,4,3,1,BB_vs_RFI,fold,fold,0,True,0.5005342960357666,0.21986407041549683,0.27960162318777293
43s,4,3,1,SB_vs_3bet,fold,fold,0,True,0.49677574634552,0.42227083444595337,0.08095336894530192
43o,4,3,0,SB_RFI,fold,fold,0,True,0.47948503494262695,0.16224756836891174,0.3582674243079964
43o,4,3,0,BB_vs_RFI,fold,fold,0,True,0.5360512137413025,0.28463077545166016,0.17931799550751748
43o,4,3,0,SB_vs_3bet,fold,fold,0,True,0.5094385147094727,0.4313147962093353,0.059246741388051305
42s,4,2,1,SB_RFI,raise,raise,0,True,0.37611037492752075,0.10993878543376923,0.5139508704160107
42s,4,2,1,BB_vs_RFI,fold,fold,0,True,0.4939402937889099,0.22818344831466675,0.27787611907115206
42s,4,2,1,SB_vs_3bet,fold,fold,0,True,0.4943414628505707,0.3857419490814209,0.1199165072539472
42o,4,2,0,SB_RFI,fold,raise,0,False,0.4056473672389984,0.0972360372543335,0.49711661894616554
42o,4,2,0,BB_vs_RFI,fold,fold,0,True,0.5017472505569458,0.25179657340049744,0.24645616700217943
42o,4,2,0,SB_vs_3bet,fold,fold,0,True,0.5726738572120667,0.35778942704200745,0.069536763106953
33,3,3,0,SB_RFI,raise,fold,0,False,0.4674723446369171,0.16365034878253937,0.36887734113406623
33,3,3,0,BB_vs_RFI,fold,fold,0,True,0.5218890309333801,0.35020899772644043,0.12790189278166508
33,3,3,0,SB_vs_3bet,fold,call,1,False,0.4034309387207031,0.48610714077949524,0.11046183853613911
32s,3,2,1,SB_RFI,raise,fold,0,False,0.5753737092018127,0.12207507342100143,0.30255130247769557
32s,3,2,1,BB_vs_RFI,fold,fold,0,True,0.49437499046325684,0.19362375140190125,0.3120012870494975
32s,3,2,1,SB_vs_3bet,fold,fold,0,True,0.5801159143447876,0.345854252576828,0.07402989830643492
32o,3,2,0,SB_RFI,fold,raise,0,False,0.3767918646335602,0.09779094159603119,0.5254171327251242
32o,3,2,0,BB_vs_RFI,fold,fold,0,True,0.6764809489250183,0.14737194776535034,0.17614710803491107
32o,3,2,0,SB_vs_3bet,fold,fold,0,True,0.5424807667732239,0.3858644962310791,0.07165477395483322
22,2,2,0,SB_RFI,raise,raise,0,True,0.3293805420398712,0.08047010004520416,0.5901493426936213
22,2,2,0,BB_vs_RFI,fold,fold,0,True,0.5469010472297668,0.12974026799201965,0.323358778423426
22,2,2,0,SB_vs_3bet,fold,fold,0,True,0.5933583974838257,0.2608534097671509,0.14578820506721968
